Order,Count,Weight
Cypriniformes,28196,1.5319194211944958
Perciformes,58192,0.7422669782788012
