Family,Count,Weight
Centrarchidae,38554,0.7469004513150387
Cyprinidae,28196,1.0212796141296638
Pomacentridae,19638,1.4663407678989713
